freq,unit,age,sex,isced11,geo\TIME_PERIOD	2021 	2022 	2023 	2024 
A,NR,TOTAL,F,ED5,AL	2185 	2561 	2615 	2558 
A,NR,TOTAL,F,ED5,AT	39989 	40489 	39957 	39649 
A,NR,TOTAL,F,ED5,BA	: m	28 	37 	44 
A,NR,TOTAL,F,ED5,BE	14159 	14283 	15139 	15718 
A,NR,TOTAL,F,ED5,BG	: m	: m	: m	: m
A,NR,TOTAL,F,ED5,CH	2036 	2105 	1886 	1832 
A,NR,TOTAL,F,ED5,CY	1280 	1203 	886 	905 
A,NR,TOTAL,F,ED5,CZ	654 	679 	673 	632 
A,NR,TOTAL,F,ED5,DE	5115 	5235 	4960 	4224 
A,NR,TOTAL,F,ED5,DK	16363 	17286 	15951 	15281 
A,NR,TOTAL,F,ED5,EE	: m	: m	: m	: m
A,NR,TOTAL,F,ED5,EL	: m	: m	: m	: m
A,NR,TOTAL,F,ED5,ES	254697 	270288 	290463 	306006 
A,NR,TOTAL,F,ED5,FI	: m	: m	: m	: m
A,NR,TOTAL,F,ED5,FR	269524 	260858 	239852 	246736 
A,NR,TOTAL,F,ED5,GE	: 	: 	: m	: m
A,NR,TOTAL,F,ED5,HR	1 	1 	1 	8 
A,NR,TOTAL,F,ED5,HU	6694 	6750 	6729 	6221 
A,NR,TOTAL,F,ED5,IE	11815 	10612 	9352 	12139 
A,NR,TOTAL,F,ED5,IS	479 	396 	439 	: 
A,NR,TOTAL,F,ED5,IT	6102 	7571 	8717 	9712 
A,NR,TOTAL,F,ED5,LI	0 	0 	: 	: 
A,NR,TOTAL,F,ED5,LT	: m	: m	2 	6 
A,NR,TOTAL,F,ED5,LU	505 	482 	440 	409 
A,NR,TOTAL,F,ED5,LV	8960 	9425 	8689 	8777 
A,NR,TOTAL,F,ED5,ME	: m	: 	: m	: m
A,NR,TOTAL,F,ED5,MK	: m	: m	: m	: m
A,NR,TOTAL,F,ED5,MT	1639 	1433 	1504 	1574 
A,NR,TOTAL,F,ED5,NL	18401 	22376 	22474 	24472 
A,NR,TOTAL,F,ED5,NO	1966 	2448 	2434 	2686 
A,NR,TOTAL,F,ED5,PL	376 	980 	305 	301 
A,NR,TOTAL,F,ED5,PT	6745 	7015 	7555 	7714 
A,NR,TOTAL,F,ED5,RO	: m	: m	: m	: m
A,NR,TOTAL,F,ED5,RS	: m	: m	: m	: m
A,NR,TOTAL,F,ED5,SE	20313 	21168 	20996 	21312 
A,NR,TOTAL,F,ED5,SI	4065 	4082 	3837 	3641 
A,NR,TOTAL,F,ED5,SK	1565 	1590 	1481 	1429 
A,NR,TOTAL,F,ED5,TR	1608714 	1682677 	1361251 	1494714 
A,NR,TOTAL,F,ED5-8,AL	74821 	73493 	71248 d	70419 
A,NR,TOTAL,F,ED5-8,AT	237796 	239830 	238845 	242725 
A,NR,TOTAL,F,ED5-8,BA	49218 	47670 	46642 	45271 
A,NR,TOTAL,F,ED5-8,BE	303932 	309621 	311113 	312111 
A,NR,TOTAL,F,ED5-8,BG	123328 	125714 	123756 	111893 bd
A,NR,TOTAL,F,ED5-8,CH	169427 	173987 	172145 	173465 
A,NR,TOTAL,F,ED5-8,CY	30073 	31322 	30778 	33894 
A,NR,TOTAL,F,ED5-8,CZ	186580 	192910 	193143 	195721 
A,NR,TOTAL,F,ED5-8,DE	1663614 	1680481 	1681202 	1656534 
A,NR,TOTAL,F,ED5-8,DK	175116 	177179 	171133 	168047 
A,NR,TOTAL,F,ED5-8,EE	26435 	26223 	26156 	26591 
A,NR,TOTAL,F,ED5-8,EL	418034 	433181 	433746 	437218 
A,NR,TOTAL,F,ED5-8,ES	1225632 	1257052 	1304737 	1343837 
A,NR,TOTAL,F,ED5-8,FI	165295 	172407 	180676 	187925 
A,NR,TOTAL,F,ED5-8,FR	1548210 	1597658 	1584295 bd	1602595 
A,NR,TOTAL,F,ED5-8,GE	: 	: 	: d	: d
A,NR,TOTAL,F,ED5-8,HR	92388 	92863 	92083 	90833 
A,NR,TOTAL,F,ED5-8,HU	155183 	160145 	158043 	169838 
A,NR,TOTAL,F,ED5-8,IE	134275 	134541 	133545 	139122 
A,NR,TOTAL,F,ED5-8,IS	14505 	14436 	13388 	: 
A,NR,TOTAL,F,ED5-8,IT	1171941 	1205249 	1250019 	1310317 
A,NR,TOTAL,F,ED5-8,LI	384 	388 	: 	: 
A,NR,TOTAL,F,ED5-8,LT	60867 	60798 	59876 	58253 
A,NR,TOTAL,F,ED5-8,LU	4072 	4138 	4203 	4390 
A,NR,TOTAL,F,ED5-8,LV	44263 	44695 	43437 	43211 
A,NR,TOTAL,F,ED5-8,ME	12689 	: 	12381 	12015 
A,NR,TOTAL,F,ED5-8,MK	32009 	32559 	33618 	33317 
A,NR,TOTAL,F,ED5-8,MT	10839 bd	11054 	12288 	12323 
A,NR,TOTAL,F,ED5-8,NL	523188 e	: 	530206 	521765 
A,NR,TOTAL,F,ED5-8,NO	182085 	187738 	183493 	185801 
A,NR,TOTAL,F,ED5-8,PL	795826 	815096 	806717 	840254 
A,NR,TOTAL,F,ED5-8,PT	216232 	223626 	230157 	232025 
A,NR,TOTAL,F,ED5-8,RO	308222 	307677 	298137 	301564 
A,NR,TOTAL,F,ED5-8,RS	139427 	141371 	145666 	147656 
A,NR,TOTAL,F,ED5-8,SE	296817 	293253 	288055 	300133 
A,NR,TOTAL,F,ED5-8,SI	47702 	47134 	46188 	46731 
A,NR,TOTAL,F,ED5-8,SK	82300 	82474 	80598 	81940 
A,NR,TOTAL,F,ED5-8,TR	4070584 	4124812 	3557478 	3685522 
A,NR,TOTAL,F,ED54,AL	: m	: m	: m	: m
A,NR,TOTAL,F,ED54,AT	: m	: m	: m	: m
A,NR,TOTAL,F,ED54,BA	: m	: m	: m	: m
A,NR,TOTAL,F,ED54,BE	: m	: m	: m	: m
A,NR,TOTAL,F,ED54,BG	: m	: m	: m	: m
A,NR,TOTAL,F,ED54,CH	: m	: m	: m	: m
A,NR,TOTAL,F,ED54,CY	: m	: m	: m	: m
A,NR,TOTAL,F,ED54,CZ	: m	: m	: m	: m
A,NR,TOTAL,F,ED54,DE	: m	: m	: m	: m
A,NR,TOTAL,F,ED54,DK	: m	: m	: m	: m
A,NR,TOTAL,F,ED54,EE	: m	: m	: m	: m
A,NR,TOTAL,F,ED54,EL	: m	: m	: m	: m
A,NR,TOTAL,F,ED54,ES	: m	: m	: m	: m
A,NR,TOTAL,F,ED54,FI	: m	: m	: m	: m
A,NR,TOTAL,F,ED54,FR	: m	: m	: m	: m
A,NR,TOTAL,F,ED54,GE	: 	: 	: m	: m
A,NR,TOTAL,F,ED54,HR	: m	: m	: m	: m
A,NR,TOTAL,F,ED54,HU	: m	: m	: m	: m
A,NR,TOTAL,F,ED54,IE	: d	: d	: d	9294 
A,NR,TOTAL,F,ED54,IS	332 	243 	289 	: 
A,NR,TOTAL,F,ED54,IT	: m	: m	: m	: m
A,NR,TOTAL,F,ED54,LI	0 	0 	: 	: 
A,NR,TOTAL,F,ED54,LT	: m	: m	: m	: m
A,NR,TOTAL,F,ED54,LU	: m	: m	: m	: m
A,NR,TOTAL,F,ED54,LV	: m	: m	: m	: m
A,NR,TOTAL,F,ED54,ME	: m	: 	: m	: m
A,NR,TOTAL,F,ED54,MK	: m	: m	: m	: m
A,NR,TOTAL,F,ED54,MT	731 	688 	825 	797 
A,NR,TOTAL,F,ED54,NL	: m	: m	: m	: m
A,NR,TOTAL,F,ED54,NO	: m	: m	: m	: m
A,NR,TOTAL,F,ED54,PL	: m	: m	: m	: m
A,NR,TOTAL,F,ED54,PT	: m	: m	: m	: m
A,NR,TOTAL,F,ED54,RO	: m	: m	: m	: m
A,NR,TOTAL,F,ED54,RS	: m	: m	: m	: m
A,NR,TOTAL,F,ED54,SE	1702 	1646 	1588 	1553 
A,NR,TOTAL,F,ED54,SI	: m	: m	: m	: m
A,NR,TOTAL,F,ED54,SK	: m	: m	: m	: m
A,NR,TOTAL,F,ED54,TR	: m	: m	: m	: m
A,NR,TOTAL,F,ED55,AL	2185 	2561 d	2615 	2558 
A,NR,TOTAL,F,ED55,AT	39989 	40489 	39957 	39649 
A,NR,TOTAL,F,ED55,BA	: m	28 	37 	44 
A,NR,TOTAL,F,ED55,BE	14159 	14283 d	15139 d	15718 
A,NR,TOTAL,F,ED55,BG	: m	: m	: m	: m
A,NR,TOTAL,F,ED55,CH	2036 	2105 	1886 	1832 
A,NR,TOTAL,F,ED55,CY	1280 	1203 	886 	905 
A,NR,TOTAL,F,ED55,CZ	654 	679 	673 	632 
A,NR,TOTAL,F,ED55,DE	5115 	5235 	4960 	4224 
A,NR,TOTAL,F,ED55,DK	16363 	17286 	15951 	15281 
A,NR,TOTAL,F,ED55,EE	: m	: m	: m	: m
A,NR,TOTAL,F,ED55,EL	: m	: m	: m	: m
A,NR,TOTAL,F,ED55,ES	254697 	270288 	290463 	306006 
A,NR,TOTAL,F,ED55,FI	: m	: m	: m	: m
A,NR,TOTAL,F,ED55,FR	269524 	260858 	239852 	246736 
A,NR,TOTAL,F,ED55,GE	: 	: 	: m	: m
A,NR,TOTAL,F,ED55,HR	1 	1 	1 	8 
A,NR,TOTAL,F,ED55,HU	6694 	6750 	6729 	6221 
A,NR,TOTAL,F,ED55,IE	: d	: d	: d	: d
A,NR,TOTAL,F,ED55,IS	147 	153 	150 	: 
A,NR,TOTAL,F,ED55,IT	6102 	7571 	8717 	9712 
A,NR,TOTAL,F,ED55,LI	0 	0 	: 	: 
A,NR,TOTAL,F,ED55,LT	: m	: m	2 	6 
A,NR,TOTAL,F,ED55,LU	505 	482 	440 	409 
A,NR,TOTAL,F,ED55,LV	8960 	9425 	8689 	8777 
A,NR,TOTAL,F,ED55,ME	: m	: 	: m	: m
A,NR,TOTAL,F,ED55,MK	: m	: m	: m	: m
A,NR,TOTAL,F,ED55,MT	908 	746 	678 	778 
A,NR,TOTAL,F,ED55,NL	18401 	22376 	22474 	24472 
A,NR,TOTAL,F,ED55,NO	1966 	2448 	2434 	2686 
A,NR,TOTAL,F,ED55,PL	376 	980 	305 	301 
A,NR,TOTAL,F,ED55,PT	6745 	7015 	7555 	7714 
A,NR,TOTAL,F,ED55,RO	: m	: m	: m	: m
A,NR,TOTAL,F,ED55,RS	: m	: m	: m	: m
A,NR,TOTAL,F,ED55,SE	18611 	19522 	19408 	19758 
A,NR,TOTAL,F,ED55,SI	4065 	4082 	3837 	3641 
A,NR,TOTAL,F,ED55,SK	1565 	1590 	1481 	1429 
A,NR,TOTAL,F,ED55,TR	1608714 	1682677 	1361251 	1494714 
A,NR,TOTAL,F,ED6,AL	43787 	41492 	39735 	37965 
A,NR,TOTAL,F,ED6,AT	111123 	109724 	107065 	107299 
A,NR,TOTAL,F,ED6,BA	33736 	32400 	31493 	30166 
A,NR,TOTAL,F,ED6,BE	215192 	217292 	216046 	218064 
A,NR,TOTAL,F,ED6,BG	76975 	77558 	76106 	70863 bd
A,NR,TOTAL,F,ED6,CH	112292 	114021 	112375 	112446 
A,NR,TOTAL,F,ED6,CY	10489 	11018 	11654 	12486 
A,NR,TOTAL,F,ED6,CZ	111772 	115882 	117312 	119752 
A,NR,TOTAL,F,ED6,DE	959014 	958287 	955153 	931761 
A,NR,TOTAL,F,ED6,DK	114734 	116045 	111271 	108432 
A,NR,TOTAL,F,ED6,EE	15553 	15387 	15435 	15864 
A,NR,TOTAL,F,ED6,EL	343519 	352978 	351819 	352994 
A,NR,TOTAL,F,ED6,ES	699090 	701075 	711594 	724911 
A,NR,TOTAL,F,ED6,FI	110129 	114306 	120060 	124360 
A,NR,TOTAL,F,ED6,FR	719466 	761175 	771203 	774071 
A,NR,TOTAL,F,ED6,GE	: 	: 	91012 	91012 
A,NR,TOTAL,F,ED6,HR	49409 	49101 	48408 	47756 
A,NR,TOTAL,F,ED6,HU	97253 	99787 	98384 	109125 
A,NR,TOTAL,F,ED6,IE	93324 	94617 	95041 	97695 
A,NR,TOTAL,F,ED6,IS	9536 	9516 	8790 	: 
A,NR,TOTAL,F,ED6,IT	675634 	694317 	722129 	747814 
A,NR,TOTAL,F,ED6,LI	209 	203 	: 	: 
A,NR,TOTAL,F,ED6,LT	41829 	41610 	40900 	39772 
A,NR,TOTAL,F,ED6,LU	1665 	1746 	1731 	1858 
A,NR,TOTAL,F,ED6,LV	22953 	23241 	22933 	22343 
A,NR,TOTAL,F,ED6,ME	10590 	: 	9384 	8821 
A,NR,TOTAL,F,ED6,MK	29482 	29858 	30969 	30704 
A,NR,TOTAL,F,ED6,MT	5317 bd	5633 	6262 	6281 
A,NR,TOTAL,F,ED6,NL	384205 	383336 	379055 	370815 
A,NR,TOTAL,F,ED6,NO	119413 	120138 	115461 	115631 
A,NR,TOTAL,F,ED6,PL	490241 	498985 	490434 	515306 
A,NR,TOTAL,F,ED6,PT	125700 	137088 	141674 	143330 
A,NR,TOTAL,F,ED6,RO	187871 	188491 	184156 	185908 
A,NR,TOTAL,F,ED6,RS	100893 	101099 	105184 	106625 
A,NR,TOTAL,F,ED6,SE	177134 	170626 	167662 	177994 
A,NR,TOTAL,F,ED6,SI	27212 	26807 	26196 	26363 
A,NR,TOTAL,F,ED6,SK	47634 	48249 	47697 	48767 
A,NR,TOTAL,F,ED6,TR	2135940 	2117388 	1799118 	1819720 
A,NR,TOTAL,F,ED64,AL	: d	: d	: d	: d
A,NR,TOTAL,F,ED64,AT	111123 	109724 	107065 	107299 
A,NR,TOTAL,F,ED64,BA	: m	: m	: m	: m
A,NR,TOTAL,F,ED64,BE	80856 	84198 	85161 	89533 
A,NR,TOTAL,F,ED64,BG	: m	: m	: m	: m
A,NR,TOTAL,F,ED64,CH	87928 	89099 	88080 	88364 
A,NR,TOTAL,F,ED64,CY	: m	: m	: m	: m
A,NR,TOTAL,F,ED64,CZ	97878 	100461 	101373 	102974 
A,NR,TOTAL,F,ED64,DE	815151 	810103 	808377 	794090 
A,NR,TOTAL,F,ED64,DK	42245 	41708 	40258 	39583 
A,NR,TOTAL,F,ED64,EE	: m	: m	: m	: m
A,NR,TOTAL,F,ED64,EL	283179 	291895 	297633 	304938 
A,NR,TOTAL,F,ED64,ES	: d	: d	: d	: d
A,NR,TOTAL,F,ED64,FI	: d	: m	: m	: m
A,NR,TOTAL,F,ED64,FR	508221 	510436 	493338 	486785 
A,NR,TOTAL,F,ED64,GE	: 	: 	: m	: m
A,NR,TOTAL,F,ED64,HR	30270 	30671 	30729 	31065 
A,NR,TOTAL,F,ED64,HU	: d	: d	: d	: d
A,NR,TOTAL,F,ED64,IE	: d	: d	: d	: d
A,NR,TOTAL,F,ED64,IS	: d	: d	: d	: 
A,NR,TOTAL,F,ED64,IT	: m	: m	: m	: m
A,NR,TOTAL,F,ED64,LI	209 	203 	: 	: 
A,NR,TOTAL,F,ED64,LT	23030 	22947 	23047 	22520 
A,NR,TOTAL,F,ED64,LU	941 	947 	924 	981 
A,NR,TOTAL,F,ED64,LV	9698 	10282 	10556 	10488 
A,NR,TOTAL,F,ED64,ME	9237 	: 	8205 	7779 
A,NR,TOTAL,F,ED64,MK	24993 	25342 	26834 	26060 
A,NR,TOTAL,F,ED64,MT	3294 bd	3617 	3999 	3937 
A,NR,TOTAL,F,ED64,NL	122808 	125517 	128841 	130849 
A,NR,TOTAL,F,ED64,NO	119413 	120138 	115461 	115631 
A,NR,TOTAL,F,ED64,PL	364343 	363045 	378777 	398756 
A,NR,TOTAL,F,ED64,PT	: d	: d	: d	: d
A,NR,TOTAL,F,ED64,RO	: d	: d	: d	: d
A,NR,TOTAL,F,ED64,RS	82528 	82132 	85795 	86146 
A,NR,TOTAL,F,ED64,SE	: m	: m	: m	: m
A,NR,TOTAL,F,ED64,SI	14691 	14361 	13801 	13741 
A,NR,TOTAL,F,ED64,SK	: d	: d	: d	: d
A,NR,TOTAL,F,ED64,TR	: m	: m	: m	: m
A,NR,TOTAL,F,ED65,AL	: d	: d	: d	: d
A,NR,TOTAL,F,ED65,AT	: m	: m	: m	: m
A,NR,TOTAL,F,ED65,BA	: m	: m	: m	: m
A,NR,TOTAL,F,ED65,BE	134336 	133094 	130885 	128531 
A,NR,TOTAL,F,ED65,BG	4175 	4252 	4011 	3687 bd
A,NR,TOTAL,F,ED65,CH	24364 	24922 	24295 	24082 
A,NR,TOTAL,F,ED65,CY	: m	: m	: m	: m
A,NR,TOTAL,F,ED65,CZ	13894 	15421 	15939 	16778 
A,NR,TOTAL,F,ED65,DE	143863 	148184 	146776 	137671 
A,NR,TOTAL,F,ED65,DK	72489 	74337 	71013 	68849 
A,NR,TOTAL,F,ED65,EE	: m	: m	: m	: m
A,NR,TOTAL,F,ED65,EL	60340 	61083 	54186 	48056 
A,NR,TOTAL,F,ED65,ES	: d	: d	: d	: d
A,NR,TOTAL,F,ED65,FI	: d	: m	: m	: m
A,NR,TOTAL,F,ED65,FR	210809 	249567 	276890 	284857 
A,NR,TOTAL,F,ED65,GE	: 	: 	: m	: m
A,NR,TOTAL,F,ED65,HR	19139 	18430 	17679 	16691 
A,NR,TOTAL,F,ED65,HU	: d	: d	: d	: d
A,NR,TOTAL,F,ED65,IE	: d	: d	: d	: d
A,NR,TOTAL,F,ED65,IS	: d	: d	: d	: 
A,NR,TOTAL,F,ED65,IT	: m	: m	: m	: m
A,NR,TOTAL,F,ED65,LI	0 	0 	: 	: 
A,NR,TOTAL,F,ED65,LT	18799 	18663 	17853 	17252 
A,NR,TOTAL,F,ED65,LU	724 	799 	808 	877 
A,NR,TOTAL,F,ED65,LV	13255 	12959 	12377 	11855 
A,NR,TOTAL,F,ED65,ME	1353 	: 	1179 	1042 
A,NR,TOTAL,F,ED65,MK	4489 	4516 	4135 	4644 
A,NR,TOTAL,F,ED65,MT	2024 bd	2016 	2263 	2344 
A,NR,TOTAL,F,ED65,NL	261397 	257819 	250214 	239966 
A,NR,TOTAL,F,ED65,NO	: m	: m	: m	: m
A,NR,TOTAL,F,ED65,PL	125898 	135940 	111657 	116550 
A,NR,TOTAL,F,ED65,PT	: d	: d	: d	: d
A,NR,TOTAL,F,ED65,RO	: d	: d	: d	: d
A,NR,TOTAL,F,ED65,RS	18365 	18967 	19389 	20479 
A,NR,TOTAL,F,ED65,SE	: m	: m	: m	: m
A,NR,TOTAL,F,ED65,SI	12521 	12446 	12395 	12622 
A,NR,TOTAL,F,ED65,SK	: d	: d	: d	: d
A,NR,TOTAL,F,ED65,TR	: m	: m	: m	: m
A,NR,TOTAL,F,ED7,AL	27621 	29159 	28775 d	29140 
A,NR,TOTAL,F,ED7,AT	77786 	80490 	82644 	86443 
A,NR,TOTAL,F,ED7,BA	14880 	14559 	14438 	14353 
A,NR,TOTAL,F,ED7,BE	65783 	68830 	70371 	68358 
A,NR,TOTAL,F,ED7,BG	42898 	44757 	44227 	38305 bd
A,NR,TOTAL,F,ED7,CH	42278 	44632 	44596 	45932 
A,NR,TOTAL,F,ED7,CY	17325 	18127 	17070 	19563 
A,NR,TOTAL,F,ED7,CZ	64509 	66840 	65917 	66334 
A,NR,TOTAL,F,ED7,DE	609172 	621813 	622659 	621721 
A,NR,TOTAL,F,ED7,DK	39272 	38946 	38797 	38964 
A,NR,TOTAL,F,ED7,EE	9597 	9560 	9441 	9426 
A,NR,TOTAL,F,ED7,EL	58395 	64304 	66219 	67229 
A,NR,TOTAL,F,ED7,ES	223861 	236655 	253923 	262967 
A,NR,TOTAL,F,ED7,FI	45219 	47882 	50267 	52995 
A,NR,TOTAL,F,ED7,FR	528352 	544168 	540580 	549128 
A,NR,TOTAL,F,ED7,GE	: 	: 	: d	: d
A,NR,TOTAL,F,ED7,HR	40749 	41311 	41049 	40327 
A,NR,TOTAL,F,ED7,HU	46358 	48440 	47684 	49192 
A,NR,TOTAL,F,ED7,IE	23938 	23800 	23342 	23306 
A,NR,TOTAL,F,ED7,IS	4101 	4135 	3716 	: 
A,NR,TOTAL,F,ED7,IT	474228 	485217 	498572 	529291 
A,NR,TOTAL,F,ED7,LI	122 	119 	: 	: 
A,NR,TOTAL,F,ED7,LT	17494 	17679 	17468 	17000 
A,NR,TOTAL,F,ED7,LU	1499 	1465 	1598 	1655 
A,NR,TOTAL,F,ED7,LV	11257 	10954 	9816 	10018 
A,NR,TOTAL,F,ED7,ME	2047 	: 	2930 	3067 
A,NR,TOTAL,F,ED7,MK	2261 	2342 	2186 	2102 
A,NR,TOTAL,F,ED7,MT	3581 	3698 	4143 	4123 
A,NR,TOTAL,F,ED7,NL	112439 	115385 	107243 	105490 
A,NR,TOTAL,F,ED7,NO	55669 	59892 	60045 	61680 
A,NR,TOTAL,F,ED7,PL	288660 	300828 	303723 	314123 
A,NR,TOTAL,F,ED7,PT	71566 	66693 	67686 	67354 
A,NR,TOTAL,F,ED7,RO	108495 	107645 	102444 	104375 
A,NR,TOTAL,F,ED7,RS	31952 	33438 	33476 	33947 
A,NR,TOTAL,F,ED7,SE	89808 	91642 	89404 	90579 
A,NR,TOTAL,F,ED7,SI	14518 	14365 	14265 	14751 
A,NR,TOTAL,F,ED7,SK	29966 	29532 	28483 	28817 
A,NR,TOTAL,F,ED7,TR	254181 	271386 	316694 	316226 
A,NR,TOTAL,F,ED74,AL	: d	: d	: d	: d
A,NR,TOTAL,F,ED74,AT	77786 	80490 	82644 	86443 
A,NR,TOTAL,F,ED74,BA	: m	: m	: m	: m
A,NR,TOTAL,F,ED74,BE	65783 	68830 	70371 	68358 
A,NR,TOTAL,F,ED74,BG	: m	: m	: m	: m
A,NR,TOTAL,F,ED74,CH	40779 	43058 	43150 	44386 
A,NR,TOTAL,F,ED74,CY	: m	: m	: m	: m
A,NR,TOTAL,F,ED74,CZ	64509 	66840 	65917 	66334 
A,NR,TOTAL,F,ED74,DE	609172 	621803 	622519 	621261 
A,NR,TOTAL,F,ED74,DK	36974 	36503 	36183 	36448 
A,NR,TOTAL,F,ED74,EE	: m	: m	: m	: m
A,NR,TOTAL,F,ED74,EL	58395 	64304 	66219 	67229 
A,NR,TOTAL,F,ED74,ES	: d	: d	: d	: d
A,NR,TOTAL,F,ED74,FI	: d	: m	: m	: m
A,NR,TOTAL,F,ED74,FR	9945 	10176 	10674 	11258 
A,NR,TOTAL,F,ED74,GE	: 	: 	: m	: m
A,NR,TOTAL,F,ED74,HR	36923 	37274 	36951 	36187 
A,NR,TOTAL,F,ED74,HU	: d	: d	: d	: d
A,NR,TOTAL,F,ED74,IE	: d	: d	: d	: d
A,NR,TOTAL,F,ED74,IS	: d	: d	: d	: 
A,NR,TOTAL,F,ED74,IT	: m	: m	: m	: m
A,NR,TOTAL,F,ED74,LI	122 	119 	: 	: 
A,NR,TOTAL,F,ED74,LT	16148 	16305 	16068 	15627 
A,NR,TOTAL,F,ED74,LU	665 	655 	661 	706 
A,NR,TOTAL,F,ED74,LV	2760 	2847 	2806 	2888 
A,NR,TOTAL,F,ED74,ME	1964 	: 	2678 	2779 
A,NR,TOTAL,F,ED74,MK	2030 	2039 	1970 	1787 
A,NR,TOTAL,F,ED74,MT	2043 	2014 	2375 	2486 
A,NR,TOTAL,F,ED74,NL	101300 	99387 	94532 	94307 
A,NR,TOTAL,F,ED74,NO	55669 	59892 	60045 	61680 
A,NR,TOTAL,F,ED74,PL	231935 	233440 	239385 	242165 
A,NR,TOTAL,F,ED74,PT	: d	: d	: d	: d
A,NR,TOTAL,F,ED74,RO	: d	: d	: d	: d
A,NR,TOTAL,F,ED74,RS	29643 	30510 	30485 	30949 
A,NR,TOTAL,F,ED74,SE	: m	: m	: m	: m
A,NR,TOTAL,F,ED74,SI	: m	: m	: m	: m
A,NR,TOTAL,F,ED74,SK	: d	: d	: d	: d
A,NR,TOTAL,F,ED74,TR	: m	: m	: m	: m
A,NR,TOTAL,F,ED75,AL	: d	: d	: d	: d
A,NR,TOTAL,F,ED75,AT	: m	: m	: m	: m
A,NR,TOTAL,F,ED75,BA	: m	: m	: m	: m
A,NR,TOTAL,F,ED75,BE	: m	: m	: m	: m
A,NR,TOTAL,F,ED75,BG	: m	: m	: m	: m
A,NR,TOTAL,F,ED75,CH	1499 	1574 	1446 	1546 
A,NR,TOTAL,F,ED75,CY	: m	: m	: m	: m
A,NR,TOTAL,F,ED75,CZ	: m	: m	: m	: m
A,NR,TOTAL,F,ED75,DE	: m	10 	140 	460 
A,NR,TOTAL,F,ED75,DK	2298 	2443 	2614 	2516 
A,NR,TOTAL,F,ED75,EE	: m	: m	: m	: m
A,NR,TOTAL,F,ED75,EL	: m	: m	: m	: m
A,NR,TOTAL,F,ED75,ES	: d	: d	: d	: d
A,NR,TOTAL,F,ED75,FI	: d	: m	: m	: m
A,NR,TOTAL,F,ED75,FR	333314 	341345 	339856 	344775 
A,NR,TOTAL,F,ED75,GE	: 	: 	: m	: m
A,NR,TOTAL,F,ED75,HR	3826 	4037 	4098 	4140 
A,NR,TOTAL,F,ED75,HU	: d	: d	: d	: d
A,NR,TOTAL,F,ED75,IE	: d	: d	: d	: d
A,NR,TOTAL,F,ED75,IS	: d	: d	: d	: 
A,NR,TOTAL,F,ED75,IT	: m	: m	: m	: m
A,NR,TOTAL,F,ED75,LI	0 	0 	: 	: 
A,NR,TOTAL,F,ED75,LT	1346 	1374 	1400 	1373 
A,NR,TOTAL,F,ED75,LU	834 	810 	937 	950 
A,NR,TOTAL,F,ED75,LV	8497 	8107 	7010 	7130 
A,NR,TOTAL,F,ED75,ME	83 	: 	252 	288 
A,NR,TOTAL,F,ED75,MK	231 	303 	216 	315 
A,NR,TOTAL,F,ED75,MT	1537 	1684 	1768 	1637 
A,NR,TOTAL,F,ED75,NL	11139 	15998 	12711 	11183 
A,NR,TOTAL,F,ED75,NO	: m	: m	: m	: m
A,NR,TOTAL,F,ED75,PL	56725 	67388 	64338 	71958 
A,NR,TOTAL,F,ED75,PT	: d	: d	: d	: d
A,NR,TOTAL,F,ED75,RO	: d	: d	: d	: d
A,NR,TOTAL,F,ED75,RS	2309 	2928 	2991 	2998 
A,NR,TOTAL,F,ED75,SE	: m	: m	: m	: m
A,NR,TOTAL,F,ED75,SI	: m	: m	: m	: m
A,NR,TOTAL,F,ED75,SK	: d	: d	: d	: d
A,NR,TOTAL,F,ED75,TR	: m	: m	: m	: m
A,NR,TOTAL,F,ED8,AL	1228 	281 	123 	756 
A,NR,TOTAL,F,ED8,AT	8898 	9127 	9179 	9334 
A,NR,TOTAL,F,ED8,BA	602 	683 	674 	708 
A,NR,TOTAL,F,ED8,BE	8798 	9216 	9557 	9971 
A,NR,TOTAL,F,ED8,BG	3455 	3399 	3423 	2725 bd
A,NR,TOTAL,F,ED8,CH	12821 	13229 	13288 	13255 
A,NR,TOTAL,F,ED8,CY	979 	974 	1168 	940 
A,NR,TOTAL,F,ED8,CZ	9645 	9509 	9241 	9003 
A,NR,TOTAL,F,ED8,DE	90313 	95146 	98429 	98828 
A,NR,TOTAL,F,ED8,DK	4747 	4902 	5114 	5370 
A,NR,TOTAL,F,ED8,EE	1285 	1276 	1280 	1302 
A,NR,TOTAL,F,ED8,EL	16120 	15899 	15708 	16995 
A,NR,TOTAL,F,ED8,ES	47984 	49034 	48757 	49953 
A,NR,TOTAL,F,ED8,FI	9947 	10219 	10349 	10570 
A,NR,TOTAL,F,ED8,FR	30868 	31457 	32660 bd	32660 
A,NR,TOTAL,F,ED8,GE	: 	: 	1943 	1943 
A,NR,TOTAL,F,ED8,HR	2229 	2450 	2625 	2742 
A,NR,TOTAL,F,ED8,HU	4878 	5168 	5246 	5300 
A,NR,TOTAL,F,ED8,IE	5198 	5512 	5810 	5982 
A,NR,TOTAL,F,ED8,IS	389 	389 	443 	: 
A,NR,TOTAL,F,ED8,IT	15977 	18144 	20601 	23500 
A,NR,TOTAL,F,ED8,LI	53 	66 	: 	: 
A,NR,TOTAL,F,ED8,LT	1544 	1509 	1506 	1475 
A,NR,TOTAL,F,ED8,LU	403 	445 	434 	468 
A,NR,TOTAL,F,ED8,LV	1093 	1075 	1999 	2073 
A,NR,TOTAL,F,ED8,ME	52 	: 	67 	127 
A,NR,TOTAL,F,ED8,MK	266 	359 	463 	511 
A,NR,TOTAL,F,ED8,MT	302 bd	290 	380 	345 
A,NR,TOTAL,F,ED8,NL	8143 e	: 	21434 	20988 
A,NR,TOTAL,F,ED8,NO	5037 	5260 	5553 	5804 
A,NR,TOTAL,F,ED8,PL	16549 	14303 	12255 	10524 
A,NR,TOTAL,F,ED8,PT	12221 	12830 	13242 	13627 
A,NR,TOTAL,F,ED8,RO	11856 	11541 	11537 	11281 
A,NR,TOTAL,F,ED8,RS	6582 	6834 	7006 	7084 
A,NR,TOTAL,F,ED8,SE	9561 	9816 	9993 	10248 
A,NR,TOTAL,F,ED8,SI	1907 	1880 	1890 	1976 
A,NR,TOTAL,F,ED8,SK	3135 	3103 	2937 	2927 
A,NR,TOTAL,F,ED8,TR	71749 	53361 	80415 	54862 
A,NR,TOTAL,M,ED5,AL	3664 	4223 	4343 	4190 
A,NR,TOTAL,M,ED5,AT	34070 	34034 	32888 	32644 
A,NR,TOTAL,M,ED5,BA	: m	43 	81 	83 
A,NR,TOTAL,M,ED5,BE	10929 	11886 	13189 	14556 
A,NR,TOTAL,M,ED5,BG	: m	: m	: m	: m
A,NR,TOTAL,M,ED5,CH	1301 	1327 	1114 	988 
A,NR,TOTAL,M,ED5,CY	2512 	2132 	1757 	1918 
A,NR,TOTAL,M,ED5,CZ	394 	383 	397 	410 
A,NR,TOTAL,M,ED5,DE	5874 	6200 	6103 	6512 
A,NR,TOTAL,M,ED5,DK	19303 	19211 	17536 	15912 
A,NR,TOTAL,M,ED5,EE	: m	: m	: m	: m
A,NR,TOTAL,M,ED5,EL	: m	: m	: m	: m
A,NR,TOTAL,M,ED5,ES	269560 	279631 	295666 	312904 
A,NR,TOTAL,M,ED5,FI	: m	: m	: m	: m
A,NR,TOTAL,M,ED5,FR	296209 	272352 	243367 	244128 
A,NR,TOTAL,M,ED5,GE	: 	: 	: m	: m
A,NR,TOTAL,M,ED5,HR	11 	7 	6 	20 
A,NR,TOTAL,M,ED5,HU	5140 	5206 	5251 	4824 
A,NR,TOTAL,M,ED5,IE	10900 	9162 	8119 	39732 
A,NR,TOTAL,M,ED5,IS	289 	308 	355 	: 
A,NR,TOTAL,M,ED5,IT	17032 	20864 	24461 	27206 
A,NR,TOTAL,M,ED5,LI	0 	0 	: 	: 
A,NR,TOTAL,M,ED5,LT	: m	: m	11 	39 
A,NR,TOTAL,M,ED5,LU	375 	395 	404 	420 
A,NR,TOTAL,M,ED5,LV	5170 	4919 	4255 	4020 
A,NR,TOTAL,M,ED5,ME	: m	: 	: m	: m
A,NR,TOTAL,M,ED5,MK	: m	: m	: m	: m
A,NR,TOTAL,M,ED5,MT	751 	710 	943 	1551 
A,NR,TOTAL,M,ED5,NL	15384 	18373 	17514 	19427 
A,NR,TOTAL,M,ED5,NO	8770 	9602 	10007 	10686 
A,NR,TOTAL,M,ED5,PL	132 	98 	27 	71 
A,NR,TOTAL,M,ED5,PT	11382 	12504 	13702 	14397 
A,NR,TOTAL,M,ED5,RO	: m	: m	: m	: m
A,NR,TOTAL,M,ED5,RS	: m	: m	: m	: m
A,NR,TOTAL,M,ED5,SE	20655 	22097 	22109 	22890 
A,NR,TOTAL,M,ED5,SI	6499 	6539 	6150 	5951 
A,NR,TOTAL,M,ED5,SK	822 	802 	838 	835 
A,NR,TOTAL,M,ED5,TR	1505909 	1567424 	1285803 	1327912 
A,NR,TOTAL,M,ED5-8,AL	48976 	50387 	50104 	49644 
A,NR,TOTAL,M,ED5-8,AT	200586 	199646 	197255 	199510 
A,NR,TOTAL,M,ED5-8,BA	33526 	31478 	30320 	29745 
A,NR,TOTAL,M,ED5-8,BE	235845 	239778 	239886 	239030 
A,NR,TOTAL,M,ED5-8,BG	103033 	101267 	97574 	83804 bd
A,NR,TOTAL,M,ED5-8,CH	162953 	165022 	163520 	163838 
A,NR,TOTAL,M,ED5-8,CY	23435 	21674 	22158 	23995 
A,NR,TOTAL,M,ED5-8,CZ	142250 	145042 	145413 	148106 
A,NR,TOTAL,M,ED5-8,DE	1687960 	1682258 	1654917 	1615553 
A,NR,TOTAL,M,ED5-8,DK	133036 	132397 	127214 	122855 
A,NR,TOTAL,M,ED5-8,EE	18504 	18096 	17696 	17785 
A,NR,TOTAL,M,ED5-8,EL	425798 	439647 	439136 	448268 
A,NR,TOTAL,M,ED5-8,ES	1035431 	1052220 	1067117 	1100448 
A,NR,TOTAL,M,ED5-8,FI	140075 	143197 	146997 	150883 
A,NR,TOTAL,M,ED5-8,FR	1261079 	1285754 	1268375 bd	1276617 
A,NR,TOTAL,M,ED5-8,GE	: 	: 	: d	: d
A,NR,TOTAL,M,ED5-8,HR	68689 	68223 	66671 	64554 
A,NR,TOTAL,M,ED5-8,HU	132310 	133421 	131948 	140576 
A,NR,TOTAL,M,ED5-8,IE	115294 	112690 	109195 	144723 
A,NR,TOTAL,M,ED5-8,IS	7529 	7446 	6899 	: 
A,NR,TOTAL,M,ED5-8,IT	924837 	940484 	967192 	1001509 
A,NR,TOTAL,M,ED5-8,LI	587 	580 	: 	: 
A,NR,TOTAL,M,ED5-8,LT	44030 	43254 	43040 	42492 
A,NR,TOTAL,M,ED5-8,LU	3593 	3598 	3773 	3974 
A,NR,TOTAL,M,ED5-8,LV	34285 	32681 	31931 	30806 
A,NR,TOTAL,M,ED5-8,ME	10011 	: 	8796 	8214 
A,NR,TOTAL,M,ED5-8,MK	23221 	23543 	24716 	23444 
A,NR,TOTAL,M,ED5-8,MT	7497 bd	7982 	8832 	9953 
A,NR,TOTAL,M,ED5-8,NL	464376 e	: 	455121 	447726 
A,NR,TOTAL,M,ED5-8,NO	129507 	132680 	129780 	129873 
A,NR,TOTAL,M,ED5-8,PL	551973 	550644 	548903 	557268 
A,NR,TOTAL,M,ED5-8,PT	187514 	193589 	198049 	198201 
A,NR,TOTAL,M,ED5-8,RO	252268 	246330 	240583 	243059 
A,NR,TOTAL,M,ED5-8,RS	103123 	102581 	102842 	102112 
A,NR,TOTAL,M,ED5-8,SE	193654 	190897 	187773 	194163 
A,NR,TOTAL,M,ED5-8,SI	34992 	34581 	33799 	33917 
A,NR,TOTAL,M,ED5-8,SK	58692 	57762 	59096 	59179 
A,NR,TOTAL,M,ED5-8,TR	4210011 	4172147 	3437924 	3395767 
A,NR,TOTAL,M,ED54,AL	: m	: m	: m	: m
A,NR,TOTAL,M,ED54,AT	: m	: m	: m	: m
A,NR,TOTAL,M,ED54,BA	: m	: m	: m	: m
A,NR,TOTAL,M,ED54,BE	: m	: m	: m	: m
A,NR,TOTAL,M,ED54,BG	: m	: m	: m	: m
A,NR,TOTAL,M,ED54,CH	: m	: m	: m	: m
A,NR,TOTAL,M,ED54,CY	: m	: m	: m	: m
A,NR,TOTAL,M,ED54,CZ	: m	: m	: m	: m
A,NR,TOTAL,M,ED54,DE	: m	: m	: m	: m
A,NR,TOTAL,M,ED54,DK	: m	: m	: m	: m
A,NR,TOTAL,M,ED54,EE	: m	: m	: m	: m
A,NR,TOTAL,M,ED54,EL	: m	: m	: m	: m
A,NR,TOTAL,M,ED54,ES	: m	: m	: m	: m
A,NR,TOTAL,M,ED54,FI	: m	: m	: m	: m
A,NR,TOTAL,M,ED54,FR	: m	: m	: m	: m
A,NR,TOTAL,M,ED54,GE	: 	: 	: m	: m
A,NR,TOTAL,M,ED54,HR	: m	: m	: m	: m
A,NR,TOTAL,M,ED54,HU	: m	: m	: m	: m
A,NR,TOTAL,M,ED54,IE	: d	: d	: d	7379 
A,NR,TOTAL,M,ED54,IS	99 	115 	131 	: 
A,NR,TOTAL,M,ED54,IT	: m	: m	: m	: m
A,NR,TOTAL,M,ED54,LI	0 	0 	: 	: 
A,NR,TOTAL,M,ED54,LT	: m	: m	: m	: m
A,NR,TOTAL,M,ED54,LU	: m	: m	: m	: m
A,NR,TOTAL,M,ED54,LV	: m	: m	: m	: m
A,NR,TOTAL,M,ED54,ME	: m	: 	: m	: m
A,NR,TOTAL,M,ED54,MK	: m	: m	: m	: m
A,NR,TOTAL,M,ED54,MT	460 	568 	751 	908 
A,NR,TOTAL,M,ED54,NL	: m	: m	: m	: m
A,NR,TOTAL,M,ED54,NO	: m	: m	: m	: m
A,NR,TOTAL,M,ED54,PL	: m	: m	: m	: m
A,NR,TOTAL,M,ED54,PT	: m	: m	: m	: m
A,NR,TOTAL,M,ED54,RO	: m	: m	: m	: m
A,NR,TOTAL,M,ED54,RS	: m	: m	: m	: m
A,NR,TOTAL,M,ED54,SE	1924 	1690 	1515 	1421 
A,NR,TOTAL,M,ED54,SI	: m	: m	: m	: m
A,NR,TOTAL,M,ED54,SK	: m	: m	: m	: m
A,NR,TOTAL,M,ED54,TR	: m	: m	: m	: m
A,NR,TOTAL,M,ED55,AL	3664 	4223 	4343 	4190 
A,NR,TOTAL,M,ED55,AT	34070 	34034 	32888 	32644 
A,NR,TOTAL,M,ED55,BA	: m	43 	81 	83 
A,NR,TOTAL,M,ED55,BE	10929 	11886 d	13189 d	14556 
A,NR,TOTAL,M,ED55,BG	: m	: m	: m	: m
A,NR,TOTAL,M,ED55,CH	1301 	1327 	1114 	988 
A,NR,TOTAL,M,ED55,CY	2512 	2132 	1757 	1918 
A,NR,TOTAL,M,ED55,CZ	394 	383 	397 	410 
A,NR,TOTAL,M,ED55,DE	5874 	6200 	6103 	6512 
A,NR,TOTAL,M,ED55,DK	19303 	19211 	17536 	15912 
A,NR,TOTAL,M,ED55,EE	: m	: m	: m	: m
A,NR,TOTAL,M,ED55,EL	: m	: m	: m	: m
A,NR,TOTAL,M,ED55,ES	269560 	279631 	295666 	312904 
A,NR,TOTAL,M,ED55,FI	: m	: m	: m	: m
A,NR,TOTAL,M,ED55,FR	296209 	272352 	243367 	244128 
A,NR,TOTAL,M,ED55,GE	: 	: 	: m	: m
A,NR,TOTAL,M,ED55,HR	11 	7 	6 	20 
A,NR,TOTAL,M,ED55,HU	5140 	5206 	5251 	4824 
A,NR,TOTAL,M,ED55,IE	: d	: d	: d	: d
A,NR,TOTAL,M,ED55,IS	190 	193 	224 	: 
A,NR,TOTAL,M,ED55,IT	17032 	20864 	24461 	27206 
A,NR,TOTAL,M,ED55,LI	0 	0 	: 	: 
A,NR,TOTAL,M,ED55,LT	: m	: m	11 	39 
A,NR,TOTAL,M,ED55,LU	375 	395 	404 	420 
A,NR,TOTAL,M,ED55,LV	5170 	4919 	4255 	4020 
A,NR,TOTAL,M,ED55,ME	: m	: 	: m	: m
A,NR,TOTAL,M,ED55,MK	: m	: m	: m	: m
A,NR,TOTAL,M,ED55,MT	291 	143 	191 	643 
A,NR,TOTAL,M,ED55,NL	15384 	18373 	17514 	19427 
A,NR,TOTAL,M,ED55,NO	8770 	9602 	10007 	10686 
A,NR,TOTAL,M,ED55,PL	132 	98 	27 	71 
A,NR,TOTAL,M,ED55,PT	11382 	12504 	13702 	14397 
A,NR,TOTAL,M,ED55,RO	: m	: m	: m	: m
A,NR,TOTAL,M,ED55,RS	: m	: m	: m	: m
A,NR,TOTAL,M,ED55,SE	18731 	20407 	20594 	21469 
A,NR,TOTAL,M,ED55,SI	6499 	6539 	6150 	5951 
A,NR,TOTAL,M,ED55,SK	822 	802 	838 	835 
A,NR,TOTAL,M,ED55,TR	1505909 	1567424 	1285803 	1327912 
A,NR,TOTAL,M,ED6,AL	30595 	31360 	31457 	30647 
A,NR,TOTAL,M,ED6,AT	92104 	89716 	87397 	86440 
A,NR,TOTAL,M,ED6,BA	25346 	23912 	22994 	22502 
A,NR,TOTAL,M,ED6,BE	164088 	165006 	163409 	163817 
A,NR,TOTAL,M,ED6,BG	70781 	69241 	66624 	58793 bd
A,NR,TOTAL,M,ED6,CH	109516 	109660 	108276 	108319 
A,NR,TOTAL,M,ED6,CY	12715 	11210 	11986 	12767 
A,NR,TOTAL,M,ED6,CZ	86929 	89061 	89797 	92578 
A,NR,TOTAL,M,ED6,DE	1073383 	1059616 	1034717 	1001077 
A,NR,TOTAL,M,ED6,DK	79183 	78641 	75744 	73272 
A,NR,TOTAL,M,ED6,EE	11906 	11671 	11560 	11743 
A,NR,TOTAL,M,ED6,EL	371629 	383699 	382560 	390917 
A,NR,TOTAL,M,ED6,ES	564017 	560051 	558251 	567244 
A,NR,TOTAL,M,ED6,FI	100511 	101964 	105440 	107691 
A,NR,TOTAL,M,ED6,FR	466343 	508632 	523839 	527210 
A,NR,TOTAL,M,ED6,GE	: 	: 	86779 	86779 
A,NR,TOTAL,M,ED6,HR	42520 	42161 	41004 	39873 
A,NR,TOTAL,M,ED6,HU	85908 	85971 	85529 	93837 
A,NR,TOTAL,M,ED6,IE	81859 	81743 	80384 	82079 
A,NR,TOTAL,M,ED6,IS	5298 	5228 	4764 	: 
A,NR,TOTAL,M,ED6,IT	569038 	577956 	594530 	610542 
A,NR,TOTAL,M,ED6,LI	224 	236 	: 	: 
A,NR,TOTAL,M,ED6,LT	33342 	32551 	32271 	31817 
A,NR,TOTAL,M,ED6,LU	1420 	1319 	1320 	1419 
A,NR,TOTAL,M,ED6,LV	21234 	20315 	20193 	19325 
A,NR,TOTAL,M,ED6,ME	8941 	: 	7396 	6639 
A,NR,TOTAL,M,ED6,MK	21399 	21724 	22852 	21612 
A,NR,TOTAL,M,ED6,MT	4004 bd	4422 	4679 	4904 
A,NR,TOTAL,M,ED6,NL	346550 	336760 	330285 	320210 
A,NR,TOTAL,M,ED6,NO	78577 	79057 	76348 	76493 
A,NR,TOTAL,M,ED6,PL	394535 	396177 	394380 	401933 
A,NR,TOTAL,M,ED6,PT	105401 	120579 	123767 	124429 
A,NR,TOTAL,M,ED6,RO	171454 	167840 	164930 	166865 
A,NR,TOTAL,M,ED6,RS	79070 	78468 	79071 	78487 
A,NR,TOTAL,M,ED6,SE	98148 	94099 	92930 	98185 
A,NR,TOTAL,M,ED6,SI	18656 	18532 	18088 	18033 
A,NR,TOTAL,M,ED6,SK	35575 	35316 	36567 	37136 
A,NR,TOTAL,M,ED6,TR	2370114 	2276959 	1751324 	1706661 
A,NR,TOTAL,M,ED64,AL	: d	: d	: d	: d
A,NR,TOTAL,M,ED64,AT	92104 	89716 	87397 	86440 
A,NR,TOTAL,M,ED64,BA	: m	: m	: m	: m
A,NR,TOTAL,M,ED64,BE	68147 	69684 	69739 	72210 
A,NR,TOTAL,M,ED64,BG	: m	: m	: m	: m
A,NR,TOTAL,M,ED64,CH	79009 	79327 	78422 	78106 
A,NR,TOTAL,M,ED64,CY	: m	: m	: m	: m
A,NR,TOTAL,M,ED64,CZ	82365 	84386 	85097 	87680 
A,NR,TOTAL,M,ED64,DE	916283 	902451 	884030 	854259 
A,NR,TOTAL,M,ED64,DK	35665 	35420 	34202 	33183 
A,NR,TOTAL,M,ED64,EE	: m	: m	: m	: m
A,NR,TOTAL,M,ED64,EL	274066 	281596 	288343 	302388 
A,NR,TOTAL,M,ED64,ES	: d	: d	: d	: d
A,NR,TOTAL,M,ED64,FI	: d	: m	: m	: m
A,NR,TOTAL,M,ED64,FR	357325 	352873 	335705 	328434 
A,NR,TOTAL,M,ED64,GE	: 	: 	: m	: m
A,NR,TOTAL,M,ED64,HR	22453 	22409 	21755 	21427 
A,NR,TOTAL,M,ED64,HU	: d	: d	: d	: d
A,NR,TOTAL,M,ED64,IE	: d	: d	: d	: d
A,NR,TOTAL,M,ED64,IS	: d	: d	: d	: 
A,NR,TOTAL,M,ED64,IT	: m	: m	: m	: m
A,NR,TOTAL,M,ED64,LI	224 	236 	: 	: 
A,NR,TOTAL,M,ED64,LT	19196 	18694 	18743 	18954 
A,NR,TOTAL,M,ED64,LU	719 	671 	638 	705 
A,NR,TOTAL,M,ED64,LV	9023 	8787 	9102 	9179 
A,NR,TOTAL,M,ED64,ME	7402 	: 	6218 	5664 
A,NR,TOTAL,M,ED64,MK	18618 	19726 	21143 	19132 
A,NR,TOTAL,M,ED64,MT	2243 bd	2832 	3101 	3182 
A,NR,TOTAL,M,ED64,NL	106416 	106486 	110140 	111163 
A,NR,TOTAL,M,ED64,NO	78577 	79057 	76348 	76493 
A,NR,TOTAL,M,ED64,PL	314255 	312185 	324221 	332786 
A,NR,TOTAL,M,ED64,PT	: d	: d	: d	: d
A,NR,TOTAL,M,ED64,RO	: d	: d	: d	: d
A,NR,TOTAL,M,ED64,RS	60438 	60521 	61459 	61001 
A,NR,TOTAL,M,ED64,SE	: m	: m	: m	: m
A,NR,TOTAL,M,ED64,SI	9344 	9133 	8752 	8691 
A,NR,TOTAL,M,ED64,SK	: d	: d	: d	: d
A,NR,TOTAL,M,ED64,TR	: m	: m	: m	: m
A,NR,TOTAL,M,ED65,AL	: d	: d	: d	: d
A,NR,TOTAL,M,ED65,AT	: m	: m	: m	: m
A,NR,TOTAL,M,ED65,BA	: m	: m	: m	: m
A,NR,TOTAL,M,ED65,BE	95941 	95322 	93670 	91607 
A,NR,TOTAL,M,ED65,BG	3816 	3547 	2772 	2634 bd
A,NR,TOTAL,M,ED65,CH	30507 	30333 	29854 	30213 
A,NR,TOTAL,M,ED65,CY	: m	: m	: m	: m
A,NR,TOTAL,M,ED65,CZ	4564 	4675 	4700 	4898 
A,NR,TOTAL,M,ED65,DE	157100 	157165 	150687 	146818 
A,NR,TOTAL,M,ED65,DK	43518 	43221 	41542 	40089 
A,NR,TOTAL,M,ED65,EE	: m	: m	: m	: m
A,NR,TOTAL,M,ED65,EL	97563 	102103 	94217 	88529 
A,NR,TOTAL,M,ED65,ES	: d	: d	: d	: d
A,NR,TOTAL,M,ED65,FI	: d	: m	: m	: m
A,NR,TOTAL,M,ED65,FR	108752 	155315 	187687 	196514 
A,NR,TOTAL,M,ED65,GE	: 	: 	: m	: m
A,NR,TOTAL,M,ED65,HR	20067 	19752 	19249 	18446 
A,NR,TOTAL,M,ED65,HU	: d	: d	: d	: d
A,NR,TOTAL,M,ED65,IE	: d	: d	: d	: d
A,NR,TOTAL,M,ED65,IS	: d	: d	: d	: 
A,NR,TOTAL,M,ED65,IT	: m	: m	: m	: m
A,NR,TOTAL,M,ED65,LI	0 	0 	: 	: 
A,NR,TOTAL,M,ED65,LT	14146 	13857 	13528 	12863 
A,NR,TOTAL,M,ED65,LU	702 	648 	683 	714 
A,NR,TOTAL,M,ED65,LV	12211 	11528 	11091 	10146 
A,NR,TOTAL,M,ED65,ME	1539 	: 	1178 	975 
A,NR,TOTAL,M,ED65,MK	2781 	1998 	1709 	2480 
A,NR,TOTAL,M,ED65,MT	1761 bd	1591 	1578 	1722 
A,NR,TOTAL,M,ED65,NL	240134 	230274 	220145 	209047 
A,NR,TOTAL,M,ED65,NO	: m	: m	: m	: m
A,NR,TOTAL,M,ED65,PL	80280 	83992 	70159 	69147 
A,NR,TOTAL,M,ED65,PT	: d	: d	: d	: d
A,NR,TOTAL,M,ED65,RO	: d	: d	: d	: d
A,NR,TOTAL,M,ED65,RS	18632 	17947 	17612 	17486 
A,NR,TOTAL,M,ED65,SE	: m	: m	: m	: m
A,NR,TOTAL,M,ED65,SI	9312 	9399 	9336 	9342 
A,NR,TOTAL,M,ED65,SK	: d	: d	: d	: d
A,NR,TOTAL,M,ED65,TR	: m	: m	: m	: m
A,NR,TOTAL,M,ED7,AL	13928 	14525 	14208 	14428 
A,NR,TOTAL,M,ED7,AT	63894 	65047 	66184 	69661 
A,NR,TOTAL,M,ED7,BA	7574 	6909 	6656 	6555 
A,NR,TOTAL,M,ED7,BE	50852 	52779 	52895 	50106 
A,NR,TOTAL,M,ED7,BG	29137 	28883 	27825 	22552 bd
A,NR,TOTAL,M,ED7,CH	38301 	39996 	40077 	40720 
A,NR,TOTAL,M,ED7,CY	7525 	7587 	7530 	8543 
A,NR,TOTAL,M,ED7,CZ	42725 	43526 	43785 	44160 
A,NR,TOTAL,M,ED7,DE	506746 	511281 	507224 	501847 
A,NR,TOTAL,M,ED7,DK	30107 	29970 	29264 	28879 
A,NR,TOTAL,M,ED7,EE	5577 	5359 	5133 	5068 
A,NR,TOTAL,M,ED7,EL	36576 	38974 	39759 	39583 
A,NR,TOTAL,M,ED7,ES	154041 	163823 	164730 	170831 
A,NR,TOTAL,M,ED7,FI	30802 	32256 	32775 	34252 
A,NR,TOTAL,M,ED7,FR	464307 	469693 	464190 	468300 
A,NR,TOTAL,M,ED7,GE	: 	: 	: d	: d
A,NR,TOTAL,M,ED7,HR	24400 	24020 	23558 	22615 
A,NR,TOTAL,M,ED7,HU	35993 	36893 	35833 	36485 
A,NR,TOTAL,M,ED7,IE	18196 	17258 	16004 	18139 
A,NR,TOTAL,M,ED7,IS	1675 	1648 	1482 	: 
A,NR,TOTAL,M,ED7,IT	321429 	321899 	326114 	339302 
A,NR,TOTAL,M,ED7,LI	203 	187 	: 	: 
A,NR,TOTAL,M,ED7,LT	9510 	9555 	9599 	9542 
A,NR,TOTAL,M,ED7,LU	1269 	1301 	1473 	1546 
A,NR,TOTAL,M,ED7,LV	6935 	6490 	6205 	6280 
A,NR,TOTAL,M,ED7,ME	1021 	: 	1339 	1470 
A,NR,TOTAL,M,ED7,MK	1608 	1485 	1445 	1406 
A,NR,TOTAL,M,ED7,MT	2472 	2484 	2795 	3107 
A,NR,TOTAL,M,ED7,NL	93719 	89035 	88144 	89549 
A,NR,TOTAL,M,ED7,NO	37863 	39548 	38764 	38002 
A,NR,TOTAL,M,ED7,PL	143225 	141815 	143297 	145355 
A,NR,TOTAL,M,ED7,PT	59470 	48910 	48786 	47234 
A,NR,TOTAL,M,ED7,RO	69594 	67637 	65102 	65845 
A,NR,TOTAL,M,ED7,RS	19269 	19220 	18812 	18725 
A,NR,TOTAL,M,ED7,SE	65293 	65238 	63444 	63732 
A,NR,TOTAL,M,ED7,SI	8235 	7917 	7980 	8216 
A,NR,TOTAL,M,ED7,SK	18848 	18265 	18450 	18086 
A,NR,TOTAL,M,ED7,TR	259991 	271585 	321444 	307123 
A,NR,TOTAL,M,ED74,AL	: d	: d	: d	: d
A,NR,TOTAL,M,ED74,AT	63894 	65047 	66184 	69661 
A,NR,TOTAL,M,ED74,BA	: m	: m	: m	: m
A,NR,TOTAL,M,ED74,BE	50852 	52779 	52895 	50106 
A,NR,TOTAL,M,ED74,BG	: m	: m	: m	: m
A,NR,TOTAL,M,ED74,CH	36103 	37855 	37923 	38565 
A,NR,TOTAL,M,ED74,CY	: m	: m	: m	: m
A,NR,TOTAL,M,ED74,CZ	42725 	43526 	43785 	44160 
A,NR,TOTAL,M,ED74,DE	506746 	511281 	507034 	501307 
A,NR,TOTAL,M,ED74,DK	28503 	28294 	27614 	27237 
A,NR,TOTAL,M,ED74,EE	: m	: m	: m	: m
A,NR,TOTAL,M,ED74,EL	36576 	38974 	39759 	39583 
A,NR,TOTAL,M,ED74,ES	: d	: d	: d	: d
A,NR,TOTAL,M,ED74,FI	: d	: m	: m	: m
A,NR,TOTAL,M,ED74,FR	5939 	5949 	6047 	6518 
A,NR,TOTAL,M,ED74,GE	: 	: 	: m	: m
A,NR,TOTAL,M,ED74,HR	20752 	20413 	20011 	19081 
A,NR,TOTAL,M,ED74,HU	: d	: d	: d	: d
A,NR,TOTAL,M,ED74,IE	: d	: d	: d	: d
A,NR,TOTAL,M,ED74,IS	: d	: d	: d	: 
A,NR,TOTAL,M,ED74,IT	: m	: m	: m	: m
A,NR,TOTAL,M,ED74,LI	203 	187 	: 	: 
A,NR,TOTAL,M,ED74,LT	8968 	9024 	9073 	9046 
A,NR,TOTAL,M,ED74,LU	492 	540 	546 	605 
A,NR,TOTAL,M,ED74,LV	2146 	1987 	2068 	2352 
A,NR,TOTAL,M,ED74,ME	962 	: 	1173 	1263 
A,NR,TOTAL,M,ED74,MK	1466 	1358 	1337 	1184 
A,NR,TOTAL,M,ED74,MT	1507 	1467 	1784 	1989 
A,NR,TOTAL,M,ED74,NL	87438 	81107 	80164 	82280 
A,NR,TOTAL,M,ED74,NO	37863 	39548 	38764 	38002 
A,NR,TOTAL,M,ED74,PL	122246 	119771 	122403 	123553 
A,NR,TOTAL,M,ED74,PT	: d	: d	: d	: d
A,NR,TOTAL,M,ED74,RO	: d	: d	: d	: d
A,NR,TOTAL,M,ED74,RS	17275 	17208 	16392 	16196 
A,NR,TOTAL,M,ED74,SE	: m	: m	: m	: m
A,NR,TOTAL,M,ED74,SI	: m	: m	: m	: m
A,NR,TOTAL,M,ED74,SK	: d	: d	: d	: d
A,NR,TOTAL,M,ED74,TR	: m	: m	: m	: m
A,NR,TOTAL,M,ED75,AL	: d	: d	: d	: d
A,NR,TOTAL,M,ED75,AT	: m	: m	: m	: m
A,NR,TOTAL,M,ED75,BA	: m	: m	: m	: m
A,NR,TOTAL,M,ED75,BE	: m	: m	: m	: m
A,NR,TOTAL,M,ED75,BG	: m	: m	: m	: m
A,NR,TOTAL,M,ED75,CH	2198 	2141 	2154 	2155 
A,NR,TOTAL,M,ED75,CY	: m	: m	: m	: m
A,NR,TOTAL,M,ED75,CZ	: m	: m	: m	: m
A,NR,TOTAL,M,ED75,DE	: m	0 	190 	540 
A,NR,TOTAL,M,ED75,DK	1604 	1676 	1650 	1642 
A,NR,TOTAL,M,ED75,EE	: m	: m	: m	: m
A,NR,TOTAL,M,ED75,EL	: m	: m	: m	: m
A,NR,TOTAL,M,ED75,ES	: d	: d	: d	: d
A,NR,TOTAL,M,ED75,FI	: d	: m	: m	: m
A,NR,TOTAL,M,ED75,FR	327370 	332268 	329802 	333224 
A,NR,TOTAL,M,ED75,GE	: 	: 	: m	: m
A,NR,TOTAL,M,ED75,HR	3648 	3607 	3547 	3534 
A,NR,TOTAL,M,ED75,HU	: d	: d	: d	: d
A,NR,TOTAL,M,ED75,IE	: d	: d	: d	: d
A,NR,TOTAL,M,ED75,IS	: d	: d	: d	: 
A,NR,TOTAL,M,ED75,IT	: m	: m	: m	: m
A,NR,TOTAL,M,ED75,LI	0 	0 	: 	: 
A,NR,TOTAL,M,ED75,LT	542 	531 	526 	496 
A,NR,TOTAL,M,ED75,LU	777 	761 	927 	941 
A,NR,TOTAL,M,ED75,LV	4789 	4503 	4137 	3928 
A,NR,TOTAL,M,ED75,ME	59 	: 	166 	207 
A,NR,TOTAL,M,ED75,MK	142 	127 	108 	222 
A,NR,TOTAL,M,ED75,MT	965 	1017 	1011 	1119 
A,NR,TOTAL,M,ED75,NL	6281 	7928 	7980 	7269 
A,NR,TOTAL,M,ED75,NO	: m	: m	: m	: m
A,NR,TOTAL,M,ED75,PL	20979 	22044 	20894 	21802 
A,NR,TOTAL,M,ED75,PT	: d	: d	: d	: d
A,NR,TOTAL,M,ED75,RO	: d	: d	: d	: d
A,NR,TOTAL,M,ED75,RS	1994 	2012 	2420 	2529 
A,NR,TOTAL,M,ED75,SE	: m	: m	: m	: m
A,NR,TOTAL,M,ED75,SI	: m	: m	: m	: m
A,NR,TOTAL,M,ED75,SK	: d	: d	: d	: d
A,NR,TOTAL,M,ED75,TR	: m	: m	: m	: m
A,NR,TOTAL,M,ED8,AL	789 	279 	96 	379 
A,NR,TOTAL,M,ED8,AT	10518 	10850 	10786 	10764 
A,NR,TOTAL,M,ED8,BA	606 	614 	589 	605 
A,NR,TOTAL,M,ED8,BE	9976 	10107 	10393 	10551 
A,NR,TOTAL,M,ED8,BG	3115 	3143 	3125 	2459 bd
A,NR,TOTAL,M,ED8,CH	13835 	14039 	14053 	13811 
A,NR,TOTAL,M,ED8,CY	683 	745 	885 	767 
A,NR,TOTAL,M,ED8,CZ	12202 	12072 	11434 	10958 
A,NR,TOTAL,M,ED8,DE	101957 	105161 	106873 	106117 
A,NR,TOTAL,M,ED8,DK	4443 	4575 	4670 	4792 
A,NR,TOTAL,M,ED8,EE	1020 	1067 	1003 	975 
A,NR,TOTAL,M,ED8,EL	17593 	16974 	16817 	17768 
A,NR,TOTAL,M,ED8,ES	47813 	48715 	48470 	49469 
A,NR,TOTAL,M,ED8,FI	8762 	8977 	8782 	8940 
A,NR,TOTAL,M,ED8,FR	34220 	35077 	36979 bd	36979 
A,NR,TOTAL,M,ED8,GE	: 	: 	1626 	1626 
A,NR,TOTAL,M,ED8,HR	1758 	2035 	2103 	2046 
A,NR,TOTAL,M,ED8,HU	5269 	5351 	5335 	5430 
A,NR,TOTAL,M,ED8,IE	4339 	4527 	4688 	4773 
A,NR,TOTAL,M,ED8,IS	267 	262 	298 	: 
A,NR,TOTAL,M,ED8,IT	17338 	19765 	22087 	24459 
A,NR,TOTAL,M,ED8,LI	160 	157 	: 	: 
A,NR,TOTAL,M,ED8,LT	1178 	1148 	1159 	1094 
A,NR,TOTAL,M,ED8,LU	529 	584 	576 	589 
A,NR,TOTAL,M,ED8,LV	946 	957 	1278 	1181 
A,NR,TOTAL,M,ED8,ME	49 	: 	61 	105 
A,NR,TOTAL,M,ED8,MK	214 	334 	419 	426 
A,NR,TOTAL,M,ED8,MT	271 bd	365 	416 	391 
A,NR,TOTAL,M,ED8,NL	8723 e	: 	19178 	18540 
A,NR,TOTAL,M,ED8,NO	4297 	4473 	4661 	4692 
A,NR,TOTAL,M,ED8,PL	14081 	12554 	11199 	9909 
A,NR,TOTAL,M,ED8,PT	11261 	11596 	11794 	12141 
A,NR,TOTAL,M,ED8,RO	11220 	10853 	10551 	10349 
A,NR,TOTAL,M,ED8,RS	4784 	4893 	4959 	4900 
A,NR,TOTAL,M,ED8,SE	9558 	9463 	9290 	9356 
A,NR,TOTAL,M,ED8,SI	1602 	1593 	1581 	1717 
A,NR,TOTAL,M,ED8,SK	3447 	3379 	3241 	3122 
A,NR,TOTAL,M,ED8,TR	73997 	56179 	79353 	54071 
